﻿<?xml version="1.0" encoding="utf-8" ?>
<SourceAnalyzer Name="Microsoft.OData.StyleCop.LineLengthRule">
  <Description>
    Checks for lines that are too long.
  </Description>
  <Properties>
    <IntegerProperty Name="LineLength" DefaultValue="80" FriendlyName="Max Line Length"
                    Description="The maximum line length allowed." />
  </Properties>
  <Rules>
    <Rule Name="LineMustNotBeTooLong" CheckId="OR4002">
      <Context>Line must not be longer than {0} characters.</Context>
      <Description>Makes sure the lines aren't too long.</Description>
    </Rule>
  </Rules>
</SourceAnalyzer>

