﻿<?xml version="1.0" encoding="utf-8" ?>
<SourceAnalyzer Name="Microsoft.OData.StyleCop.LineSpaceRule">
  <Description>
    Checks for lines that contain invalid white-spaces.
  </Description>
  <Rules>
    <Rule Name="LineMustNotContainTrailingWhiteSpaces" CheckId="OR4004">
      <Context>Line must not contain trailing white-spaces.</Context>
      <Description>Makes sure the lines do not contain trailing white-spaces.</Description>
    </Rule>
    <Rule Name="LineMustNotContainTabIndentation" CheckId="OR4005">
      <Context>Line must not contain Tab indentation.</Context>
      <Description>Makes sure the lines do not contain Tab indentation.</Description>
    </Rule>
  </Rules>
</SourceAnalyzer>

