<?xml version="1.0" encoding="utf-8"?>
<Schema xmlns="http://docs.oasis-open.org/odata/ns/edm" Namespace="Org.OData.Measures.V1" Alias="Measures">

  <Term Name="ISOCurrency" Type="Edm.String" AppliesTo="Property">
    <Annotation Term="Core.Description" String="The currency for this monetary amount as an ISO 4217 currency code" />
  </Term>

  <Term Name="Scale" Type="Edm.Byte" AppliesTo="Property">
    <Annotation Term="Core.Description"
      String="The number of significant decimal places in the scale part (less than or equal to the number declared in the Scale facet)" />
    <Annotation Term="Core.RequiresType" String="Edm.Decimal" />
  </Term>

  <Term Name="Unit" Type="Edm.String" AppliesTo="Property">
    <Annotation Term="Core.Description" String="The unit of measure for this measured quantity, e.g. cm for centimeters or % for percentages" />
  </Term>

</Schema>
